<?xml version="1.0"?>
<displaySchemes default="Default">
	<displayScheme name="Black and White">
		<font face = "Serif"/>
		<titleColor hex = "#000000"/>
		<scaleColor hex = "#000000"/>
		<unitsColor hex = "#000000"/>
		<coordinateColor hex = "#000000"/>
		<gridColor hex = "#cccccc"/>
		<plotColor hex = "#000000"/>
		<plotAreaColor hex = "#ffffff"/>
		<backgroundColor hex = "#ffffff"/>
	</displayScheme>
	<displayScheme name="Default">
		<font face = "Default"/>
		<titleColor hex = "#000000"/>
		<scaleColor hex = "#000000"/>
		<unitsColor hex = "#ff0000"/>
		<coordinateColor hex = "#ff0000"/>
		<gridColor hex = "#c0c0c0"/>
		<plotColor hex = "#0000ff"/>
		<plotAreaColor hex = "#ffffff"/>
		<backgroundColor hex = "#c0c0c0"/>
	</displayScheme>
	<displayScheme name="Grey">
		<font face = "Tahoma"/>
		<titleColor hex = "#333333"/>
		<scaleColor hex = "#666666"/>
		<unitsColor hex = "#666666"/>
		<coordinateColor hex = "#333333"/>
		<gridColor hex = "#999999"/>
		<plotColor hex = "#333333"/>
		<plotAreaColor hex = "#c0c0c0"/>
		<backgroundColor hex = "#c0c0c0"/>
	</displayScheme>
	<displayScheme name="High Contrast">
		<font face = "Lucida Sans Typewriter"/>
		<titleColor hex = "#000040"/>
		<scaleColor hex = "#00cc00"/>
		<unitsColor hex = "#0000ff"/>
		<coordinateColor hex = "#0000ff"/>
		<gridColor hex = "#00cccc"/>
		<plotColor hex = "#ffff00"/>
		<plotAreaColor hex = "#000000"/>
		<backgroundColor hex = "#ffffff"/>
	</displayScheme>
	<displayScheme name="Night">
		<font face = "Arial Black"/>
		<titleColor hex = "#000040"/>
		<scaleColor hex = "#000040"/>
		<unitsColor hex = "#000040"/>
		<coordinateColor hex = "#0000ff"/>
		<gridColor hex = "#808080"/>
		<plotColor hex = "#0000ff"/>
		<plotAreaColor hex = "#000000"/>
		<backgroundColor hex = "#c0c0c0"/>
	</displayScheme>
	<displayScheme name="Red and Grey">
		<font face = "Tahoma"/>
		<titleColor hex = "#660000"/>
		<scaleColor hex = "#660000"/>
		<unitsColor hex = "#ff0000"/>
		<coordinateColor hex = "#ff0000"/>
		<gridColor hex = "#cccccc"/>
		<plotColor hex = "#ff0000"/>
		<plotAreaColor hex = "#808080"/>
		<backgroundColor hex = "#c0c0c0"/>
	</displayScheme>
	<displayScheme name="Terminal">
		<font face = "Courier New"/>
		<titleColor hex = "#00ff00"/>
		<scaleColor hex = "#00ff00"/>
		<unitsColor hex = "#00ff00"/>
		<coordinateColor hex = "#00ff00"/>
		<gridColor hex = "#00ff00"/>
		<plotColor hex = "#00ff00"/>
		<plotAreaColor hex = "#000000"/>
		<backgroundColor hex = "#000000"/>
	</displayScheme>
	<displayScheme name="Sky">
		<font face = "Georgia"/>
		<titleColor hex = "#000040"/>
		<scaleColor hex = "#000040"/>
		<unitsColor hex = "#0000ff"/>
		<coordinateColor hex = "#0000ff"/>
		<gridColor hex = "#000040"/>
		<plotColor hex = "#0000ff"/>
		<plotAreaColor hex = "#99ccff"/>
		<backgroundColor hex = "#c0c0c0"/>
	</displayScheme>
</displaySchemes>